slope,intercept,r_value,p_value,std_err,C_rel,temperature,file
-0.000108292686960435,-0.12244594417644938,-0.9991407322088984,0.0,5.538325447249006e-08,0.43976366759872904,240.0,SR_TGA_0122_FCC_P1-001-3_BM_iso240_ratio_1_repro_01.txt
-5.118723433449428e-05,-0.064651607202895,-0.9996056734210265,0.0,1.997874843750909e-08,0.2006666850326455,240.0,SR_TGA_0122_FCC_P1-001-3_BM_iso240_ratio_2_repro_01.txt
-2.2132958454247105e-05,-0.04983190113496058,-0.9999330758521773,0.0,5.6067415725709636e-09,0.10670930119235686,240.0,SR_TGA_0122_FCC_P1-001-3_BM_iso240_ratio_3_repro_01.txt
-0.00013702227735149238,-0.08219945353612235,-0.9998626981874343,0.0,2.7998973243270482e-08,0.42814491971095225,250.0,SR_TGA_0122_FCC_P1-001-3_BM_iso250_ratio_1_repro_01.txt
-3.2243408805370506e-05,-0.07053115281106237,-0.9997460804297402,0.0,1.1119138293775543e-08,0.1980961679779236,250.0,SR_TGA_0122_FCC_P1-001-3_BM_iso250_ratio_2_repro_01.txt
-1.979158392056645e-05,-0.0573099079350393,-0.9999730609917631,0.0,3.3559102145655305e-09,0.1080606947206326,250.0,SR_TGA_0122_FCC_P1-001-3_BM_iso250_ratio_3_repro_01.txt
-0.0001714000368612359,-0.06961264245958099,-0.9992720436972169,0.0,8.508213923806326e-08,0.3866490317889591,260.0,SR_TGA_0122_FCC_P1-001-3_BM_iso260_ratio_1_repro_01.txt
-5.536704409438156e-05,-0.06366048302112454,-0.9999014708951142,0.0,1.0629812585560988e-08,0.19025203664561008,260.0,SR_TGA_0122_FCC_P1-001-3_BM_iso260_ratio_2_repro_01.txt
-2.9515450505026463e-05,-0.05474090733039205,-0.9999547788650546,0.0,4.72926392711294e-09,0.12244284334476951,260.0,SR_TGA_0122_FCC_P1-001-3_BM_iso260_ratio_3_repro_01.txt
