slope,intercept,r_value,p_value,std_err,C_rel,temperature,file
-0.00014145803629329125,-0.1157032722039043,-0.9993574155201741,0.0,6.204423852880591e-08,0.4374703221478748,240.0,SR_TGA_0123_FCCcr_P1-001-3_BM_iso240_ratio_1_repro_01.txt
-5.9498676093476646e-05,-0.07189846290770235,-0.9994900360055397,0.0,2.551594874309262e-08,0.20561670835924417,240.0,SR_TGA_0123_FCCcr_P1-001-3_BM_iso240_ratio_2_repro_01.txt
-2.4997018084475572e-05,-0.04621641537627441,-0.9999469166150402,0.0,5.124873198175632e-09,0.0983879947841917,240.0,SR_TGA_0123_FCCcr_P1-001-3_BM_iso240_ratio_3_repro_01.txt
-0.00026526754519847623,-0.09864484282135055,-0.9999784436795012,0.0,2.779830438759491e-08,0.4493360449047169,250.0,SR_TGA_0123_FCCcr_P1-001-3_BM_iso250_ratio_1_repro_01.txt
-0.0001261076453208854,-0.07339664068935337,-0.999960353545842,0.0,1.4008806728784416e-08,0.24537921637730564,250.0,SR_TGA_0123_FCCcr_P1-001-3_BM_iso250_ratio_1_repro_02.txt
-4.953392343445166e-05,-0.051240883284990935,-0.9998721706853586,0.0,1.1328295724383287e-08,0.10192582060553854,250.0,SR_TGA_0123_FCCcr_P1-001-3_BM_iso250_ratio_1_repro_03.txt
-0.0003929364084554584,-0.06973689943392136,-0.9997281455004833,0.0,1.781554754882916e-07,0.38069626644437954,260.0,SR_TGA_0123_FCCcr_P1-001-3_BM_iso260_ratio_1_repro_01.txt
-0.00015470935281324856,-0.08680704346800339,-0.9997619493628869,0.0,4.1749849660158985e-08,0.24164128332065793,260.0,SR_TGA_0123_FCCcr_P1-001-3_BM_iso260_ratio_2_repro_01.txt
-8.687072035025114e-05,-0.043836973186065276,-0.9999861827919838,0.0,5.990185428341387e-09,0.10643243400046631,260.0,SR_TGA_0123_FCCcr_P1-001-3_BM_iso260_ratio_3_repro_01.txt
